"GO.ID","Term","Annotated","Significant","Expected","weight01","Fisher","padj","Category","Lineage","Ontology"
"GO:0051276","chromosome organization",6,1,0.04,"0.035",0.035,1,"Relaxed","Coccomyxa","BP"
"GO:0006281","DNA repair",9,1,0.05,"0.053",0.053,1,"Relaxed","Coccomyxa","BP"
"GO:0006950","response to stress",12,1,0.07,"1.000",1,1,"Relaxed","Coccomyxa","BP"
"GO:0006139","nucleobase-containing compound metabolic process",55,1,0.32,"1.000",1,1,"Relaxed","Coccomyxa","BP"
"GO:0006996","organelle organization",10,1,0.06,"1.000",1,1,"Relaxed","Coccomyxa","BP"
"GO:0016043","cellular component organization",17,1,0.1,"1.000",1,1,"Relaxed","Coccomyxa","BP"
"GO:0090304","nucleic acid metabolic process",46,1,0.27,"1.000",1,1,"Relaxed","Coccomyxa","BP"
"GO:0043170","macromolecule metabolic process",98,1,0.58,"1.000",1,1,"Relaxed","Coccomyxa","BP"
"GO:0006974","DNA damage response",10,1,0.06,"1.000",1,1,"Relaxed","Coccomyxa","BP"
"GO:0071840","cellular component organization or biogenesis",18,1,0.11,"1.000",1,1,"Relaxed","Coccomyxa","BP"
"GO:0051716","cellular response to stimulus",10,1,0.06,"1.000",1,1,"Relaxed","Coccomyxa","BP"
"GO:0006259","DNA metabolic process",17,1,0.1,"1.000",1,1,"Relaxed","Coccomyxa","BP"
"GO:0009987","cellular process",163,1,0.96,"1.000",1,1,"Relaxed","Coccomyxa","BP"
"GO:0050896","response to stimulus",12,1,0.07,"1.000",1,1,"Relaxed","Coccomyxa","BP"
"GO:0033554","cellular response to stress",10,1,0.06,"1.000",1,1,"Relaxed","Coccomyxa","BP"
"GO:0044238","primary metabolic process",125,1,0.74,"1.000",1,1,"Relaxed","Coccomyxa","BP"
"GO:0008150","biological_process",169,1,0.99,"1.000",1,1,"Relaxed","Coccomyxa","BP"
"GO:0008152","metabolic process",138,1,0.81,"1.000",1,1,"Relaxed","Coccomyxa","BP"
"GO:0000375","RNA splicing, via transesterification reactions",5,0,0.03,"1.000",1,1,"Relaxed","Coccomyxa","BP"
"GO:0000377","RNA splicing, via transesterification reactions with bulged adenosine as nucleophile",5,0,0.03,"1.000",1,1,"Relaxed","Coccomyxa","BP"
"GO:0000398","mRNA splicing, via spliceosome",5,0,0.03,"1.000",1,1,"Relaxed","Coccomyxa","BP"
"GO:0005975","carbohydrate metabolic process",12,0,0.07,"1.000",1,1,"Relaxed","Coccomyxa","BP"
"GO:0005996","monosaccharide metabolic process",5,0,0.03,"1.000",1,1,"Relaxed","Coccomyxa","BP"
"GO:0006082","organic acid metabolic process",13,0,0.08,"1.000",1,1,"Relaxed","Coccomyxa","BP"
"GO:0006163","purine nucleotide metabolic process",6,0,0.04,"1.000",1,1,"Relaxed","Coccomyxa","BP"
"GO:0006260","DNA replication",6,0,0.04,"1.000",1,1,"Relaxed","Coccomyxa","BP"
"GO:0006351","DNA-templated transcription",13,0,0.08,"1.000",1,1,"Relaxed","Coccomyxa","BP"
"GO:0006355","regulation of DNA-templated transcription",8,0,0.05,"1.000",1,1,"Relaxed","Coccomyxa","BP"
"GO:0006396","RNA processing",10,0,0.06,"1.000",1,1,"Relaxed","Coccomyxa","BP"
"GO:0006397","mRNA processing",7,0,0.04,"1.000",1,1,"Relaxed","Coccomyxa","BP"
"GO:0006412","translation",32,0,0.19,"1.000",1,1,"Relaxed","Coccomyxa","BP"
"GO:0006457","protein folding",7,0,0.04,"1.000",1,1,"Relaxed","Coccomyxa","BP"
"GO:0006508","proteolysis",6,0,0.04,"1.000",1,1,"Relaxed","Coccomyxa","BP"
"GO:0006520","amino acid metabolic process",12,0,0.07,"1.000",1,1,"Relaxed","Coccomyxa","BP"
"GO:0006753","nucleoside phosphate metabolic process",8,0,0.05,"1.000",1,1,"Relaxed","Coccomyxa","BP"
"GO:0006793","phosphorus metabolic process",12,0,0.07,"1.000",1,1,"Relaxed","Coccomyxa","BP"
"GO:0006796","phosphate-containing compound metabolic process",12,0,0.07,"1.000",1,1,"Relaxed","Coccomyxa","BP"
"GO:0006810","transport",15,0,0.09,"1.000",1,1,"Relaxed","Coccomyxa","BP"
"GO:0007049","cell cycle",7,0,0.04,"1.000",1,1,"Relaxed","Coccomyxa","BP"
"GO:0008104","protein localization",11,0,0.06,"1.000",1,1,"Relaxed","Coccomyxa","BP"
"GO:0008380","RNA splicing",5,0,0.03,"1.000",1,1,"Relaxed","Coccomyxa","BP"
"GO:0008652","amino acid biosynthetic process",5,0,0.03,"1.000",1,1,"Relaxed","Coccomyxa","BP"
"GO:0009056","catabolic process",7,0,0.04,"1.000",1,1,"Relaxed","Coccomyxa","BP"
"GO:0009058","biosynthetic process",93,0,0.55,"1.000",1,1,"Relaxed","Coccomyxa","BP"
"GO:0009059","macromolecule biosynthetic process",69,0,0.41,"1.000",1,1,"Relaxed","Coccomyxa","BP"
"GO:0009117","nucleotide metabolic process",8,0,0.05,"1.000",1,1,"Relaxed","Coccomyxa","BP"
"GO:0009150","purine ribonucleotide metabolic process",5,0,0.03,"1.000",1,1,"Relaxed","Coccomyxa","BP"
"GO:0009165","nucleotide biosynthetic process",6,0,0.04,"1.000",1,1,"Relaxed","Coccomyxa","BP"
"GO:0009259","ribonucleotide metabolic process",5,0,0.03,"1.000",1,1,"Relaxed","Coccomyxa","BP"
"GO:0009889","regulation of biosynthetic process",9,0,0.05,"1.000",1,1,"Relaxed","Coccomyxa","BP"
"GO:0019752","carboxylic acid metabolic process",13,2,0.48,"0.095",0.095,1,"Relaxed","Symbiochloris","BP"
"GO:0009059","macromolecule biosynthetic process",67,2,2.45,"0.144",0.144,1,"Relaxed","Symbiochloris","BP"
"GO:0006520","amino acid metabolic process",13,2,0.48,"0.152",0.152,1,"Relaxed","Symbiochloris","BP"
"GO:0006399","tRNA metabolic process",5,1,0.18,"0.172",0.172,1,"Relaxed","Symbiochloris","BP"
"GO:0009150","purine ribonucleotide metabolic process",5,1,0.18,"0.172",0.172,1,"Relaxed","Symbiochloris","BP"
"GO:0009056","catabolic process",5,1,0.18,"0.172",0.172,1,"Relaxed","Symbiochloris","BP"
"GO:0170034","L-amino acid biosynthetic process",6,1,0.22,"0.203",0.203,1,"Relaxed","Symbiochloris","BP"
"GO:0170038","proteinogenic amino acid biosynthetic process",6,1,0.22,"0.203",0.203,1,"Relaxed","Symbiochloris","BP"
"GO:0036211","protein modification process",6,1,0.22,"0.203",0.203,1,"Relaxed","Symbiochloris","BP"
"GO:1901137","carbohydrate derivative biosynthetic process",7,1,0.26,"0.233",0.233,1,"Relaxed","Symbiochloris","BP"
"GO:0009058","biosynthetic process",92,4,3.37,"0.327",0.327,1,"Relaxed","Symbiochloris","BP"
"GO:0005975","carbohydrate metabolic process",11,1,0.4,"0.345",0.345,1,"Relaxed","Symbiochloris","BP"
"GO:0065007","biological regulation",14,1,0.51,"0.420",0.42,1,"Relaxed","Symbiochloris","BP"
"GO:0006412","translation",29,1,1.06,"0.695",0.695,1,"Relaxed","Symbiochloris","BP"
"GO:0016070","RNA metabolic process",32,1,1.17,"1.000",1,1,"Relaxed","Symbiochloris","BP"
"GO:1901605","alpha-amino acid metabolic process",8,1,0.29,"1.000",1,1,"Relaxed","Symbiochloris","BP"
"GO:0072521","purine-containing compound metabolic process",7,1,0.26,"1.000",1,1,"Relaxed","Symbiochloris","BP"
"GO:1901607","alpha-amino acid biosynthetic process",6,1,0.22,"1.000",1,1,"Relaxed","Symbiochloris","BP"
"GO:0006753","nucleoside phosphate metabolic process",8,1,0.29,"1.000",1,1,"Relaxed","Symbiochloris","BP"
"GO:0043412","macromolecule modification",9,1,0.33,"1.000",1,1,"Relaxed","Symbiochloris","BP"
"GO:0009987","cellular process",156,5,5.71,"1.000",1,1,"Relaxed","Symbiochloris","BP"
"GO:0090304","nucleic acid metabolic process",48,1,1.76,"1.000",1,1,"Relaxed","Symbiochloris","BP"
"GO:0006139","nucleobase-containing compound metabolic process",57,2,2.09,"1.000",1,1,"Relaxed","Symbiochloris","BP"
"GO:0170033","L-amino acid metabolic process",8,1,0.29,"1.000",1,1,"Relaxed","Symbiochloris","BP"
"GO:0170039","proteinogenic amino acid metabolic process",8,1,0.29,"1.000",1,1,"Relaxed","Symbiochloris","BP"
"GO:0008652","amino acid biosynthetic process",6,1,0.22,"1.000",1,1,"Relaxed","Symbiochloris","BP"
"GO:0043170","macromolecule metabolic process",95,2,3.48,"1.000",1,1,"Relaxed","Symbiochloris","BP"
"GO:0009259","ribonucleotide metabolic process",5,1,0.18,"1.000",1,1,"Relaxed","Symbiochloris","BP"
"GO:0016053","organic acid biosynthetic process",8,1,0.29,"1.000",1,1,"Relaxed","Symbiochloris","BP"
"GO:0044238","primary metabolic process",121,4,4.43,"1.000",1,1,"Relaxed","Symbiochloris","BP"
"GO:1901135","carbohydrate derivative metabolic process",10,2,0.37,"1.000",1,1,"Relaxed","Symbiochloris","BP"
"GO:0019693","ribose phosphate metabolic process",5,1,0.18,"1.000",1,1,"Relaxed","Symbiochloris","BP"
"GO:0010467","gene expression",64,1,2.34,"1.000",1,1,"Relaxed","Symbiochloris","BP"
"GO:0009117","nucleotide metabolic process",8,1,0.29,"1.000",1,1,"Relaxed","Symbiochloris","BP"
"GO:0008150","biological_process",162,6,5.93,"1.000",1,1,"Relaxed","Symbiochloris","BP"
"GO:0008152","metabolic process",134,5,4.9,"1.000",1,1,"Relaxed","Symbiochloris","BP"
"GO:0055086","nucleobase-containing small molecule metabolic process",9,1,0.33,"1.000",1,1,"Relaxed","Symbiochloris","BP"
"GO:0019637","organophosphate metabolic process",9,1,0.33,"1.000",1,1,"Relaxed","Symbiochloris","BP"
"GO:0044281","small molecule metabolic process",27,2,0.99,"1.000",1,1,"Relaxed","Symbiochloris","BP"
"GO:0043436","oxoacid metabolic process",14,2,0.51,"1.000",1,1,"Relaxed","Symbiochloris","BP"
"GO:0044283","small molecule biosynthetic process",11,1,0.4,"1.000",1,1,"Relaxed","Symbiochloris","BP"
"GO:0006793","phosphorus metabolic process",12,1,0.44,"1.000",1,1,"Relaxed","Symbiochloris","BP"
"GO:0019538","protein metabolic process",48,2,1.76,"1.000",1,1,"Relaxed","Symbiochloris","BP"
"GO:0006796","phosphate-containing compound metabolic process",12,1,0.44,"1.000",1,1,"Relaxed","Symbiochloris","BP"
"GO:0006082","organic acid metabolic process",14,2,0.51,"1.000",1,1,"Relaxed","Symbiochloris","BP"
"GO:0006163","purine nucleotide metabolic process",6,1,0.22,"1.000",1,1,"Relaxed","Symbiochloris","BP"
"GO:0046394","carboxylic acid biosynthetic process",8,1,0.29,"1.000",1,1,"Relaxed","Symbiochloris","BP"
"GO:0000375","RNA splicing, via transesterification reactions",6,0,0.22,"1.000",1,1,"Relaxed","Symbiochloris","BP"
"GO:0000377","RNA splicing, via transesterification reactions with bulged adenosine as nucleophile",6,0,0.22,"1.000",1,1,"Relaxed","Symbiochloris","BP"
"GO:0000398","mRNA splicing, via spliceosome",6,0,0.22,"1.000",1,1,"Relaxed","Symbiochloris","BP"
"GO:0022402","cell cycle process",5,1,0.12,"0.12",0.12,1,"Strengthened","Symbiochloris","BP"
"GO:0006508","proteolysis",6,1,0.15,"0.14",0.14,1,"Strengthened","Symbiochloris","BP"
"GO:0022607","cellular component assembly",6,1,0.15,"0.14",0.14,1,"Strengthened","Symbiochloris","BP"
"GO:0045184","establishment of protein localization",8,1,0.2,"0.18",0.18,1,"Strengthened","Symbiochloris","BP"
"GO:0051604","protein maturation",8,1,0.2,"0.18",0.18,1,"Strengthened","Symbiochloris","BP"
"GO:0006996","organelle organization",9,1,0.22,"0.20",0.2,1,"Strengthened","Symbiochloris","BP"
"GO:0006974","DNA damage response",11,1,0.27,"0.24",0.24,1,"Strengthened","Symbiochloris","BP"
"GO:0005975","carbohydrate metabolic process",11,1,0.27,"0.24",0.24,1,"Strengthened","Symbiochloris","BP"
"GO:0044283","small molecule biosynthetic process",11,1,0.27,"0.24",0.24,1,"Strengthened","Symbiochloris","BP"
"GO:0050794","regulation of cellular process",12,1,0.29,"0.26",0.26,1,"Strengthened","Symbiochloris","BP"
"GO:0065007","biological regulation",14,1,0.34,"1.00",1,1,"Strengthened","Symbiochloris","BP"
"GO:0071840","cellular component organization or biogenesis",19,1,0.46,"1.00",1,1,"Strengthened","Symbiochloris","BP"
"GO:0010467","gene expression",64,1,1.56,"1.00",1,1,"Strengthened","Symbiochloris","BP"
"GO:0009058","biosynthetic process",92,2,2.24,"1.00",1,1,"Strengthened","Symbiochloris","BP"
"GO:0006950","response to stress",13,1,0.32,"1.00",1,1,"Strengthened","Symbiochloris","BP"
"GO:0051179","localization",17,1,0.41,"1.00",1,1,"Strengthened","Symbiochloris","BP"
"GO:0051234","establishment of localization",16,1,0.39,"1.00",1,1,"Strengthened","Symbiochloris","BP"
"GO:0009059","macromolecule biosynthetic process",67,1,1.63,"1.00",1,1,"Strengthened","Symbiochloris","BP"
"GO:0016043","cellular component organization",17,1,0.41,"1.00",1,1,"Strengthened","Symbiochloris","BP"
"GO:0044238","primary metabolic process",121,2,2.95,"1.00",1,1,"Strengthened","Symbiochloris","BP"
"GO:0070727","cellular macromolecule localization",9,1,0.22,"1.00",1,1,"Strengthened","Symbiochloris","BP"
"GO:0050896","response to stimulus",13,1,0.32,"1.00",1,1,"Strengthened","Symbiochloris","BP"
"GO:0019538","protein metabolic process",48,1,1.17,"1.00",1,1,"Strengthened","Symbiochloris","BP"
"GO:0050789","regulation of biological process",12,1,0.29,"1.00",1,1,"Strengthened","Symbiochloris","BP"
"GO:0007049","cell cycle",6,1,0.15,"1.00",1,1,"Strengthened","Symbiochloris","BP"
"GO:0051716","cellular response to stimulus",11,1,0.27,"1.00",1,1,"Strengthened","Symbiochloris","BP"
"GO:0009987","cellular process",156,4,3.8,"1.00",1,1,"Strengthened","Symbiochloris","BP"
"GO:0008150","biological_process",162,4,3.95,"1.00",1,1,"Strengthened","Symbiochloris","BP"
"GO:0008152","metabolic process",134,2,3.27,"1.00",1,1,"Strengthened","Symbiochloris","BP"
"GO:0044281","small molecule metabolic process",27,1,0.66,"1.00",1,1,"Strengthened","Symbiochloris","BP"
"GO:0033036","macromolecule localization",10,1,0.24,"1.00",1,1,"Strengthened","Symbiochloris","BP"
"GO:0033554","cellular response to stress",11,1,0.27,"1.00",1,1,"Strengthened","Symbiochloris","BP"
"GO:0043170","macromolecule metabolic process",95,1,2.32,"1.00",1,1,"Strengthened","Symbiochloris","BP"
"GO:0051641","cellular localization",11,1,0.27,"1.00",1,1,"Strengthened","Symbiochloris","BP"
"GO:0008104","protein localization",9,1,0.22,"1.00",1,1,"Strengthened","Symbiochloris","BP"
"GO:0044085","cellular component biogenesis",8,1,0.2,"1.00",1,1,"Strengthened","Symbiochloris","BP"
"GO:0000375","RNA splicing, via transesterification reactions",6,0,0.15,"1.00",1,1,"Strengthened","Symbiochloris","BP"
"GO:0000377","RNA splicing, via transesterification reactions with bulged adenosine as nucleophile",6,0,0.15,"1.00",1,1,"Strengthened","Symbiochloris","BP"
"GO:0000398","mRNA splicing, via spliceosome",6,0,0.15,"1.00",1,1,"Strengthened","Symbiochloris","BP"
"GO:0006082","organic acid metabolic process",14,0,0.34,"1.00",1,1,"Strengthened","Symbiochloris","BP"
"GO:0006139","nucleobase-containing compound metabolic process",57,0,1.39,"1.00",1,1,"Strengthened","Symbiochloris","BP"
"GO:0006163","purine nucleotide metabolic process",6,0,0.15,"1.00",1,1,"Strengthened","Symbiochloris","BP"
"GO:0006259","DNA metabolic process",18,0,0.44,"1.00",1,1,"Strengthened","Symbiochloris","BP"
"GO:0006260","DNA replication",6,0,0.15,"1.00",1,1,"Strengthened","Symbiochloris","BP"
"GO:0006281","DNA repair",10,0,0.24,"1.00",1,1,"Strengthened","Symbiochloris","BP"
"GO:0006351","DNA-templated transcription",12,0,0.29,"1.00",1,1,"Strengthened","Symbiochloris","BP"
"GO:0006355","regulation of DNA-templated transcription",8,0,0.2,"1.00",1,1,"Strengthened","Symbiochloris","BP"
"GO:0006396","RNA processing",13,0,0.32,"1.00",1,1,"Strengthened","Symbiochloris","BP"
"GO:0006397","mRNA processing",8,0,0.2,"1.00",1,1,"Strengthened","Symbiochloris","BP"
"GO:0006399","tRNA metabolic process",5,0,0.12,"1.00",1,1,"Strengthened","Symbiochloris","BP"
"GO:0006412","translation",30,1,0.19,"0.19",0.19,1,"Relaxed","Trebouxia","BP"
"GO:0019538","protein metabolic process",50,1,0.31,"1.00",1,1,"Relaxed","Trebouxia","BP"
"GO:0043170","macromolecule metabolic process",92,1,0.57,"1.00",1,1,"Relaxed","Trebouxia","BP"
"GO:0009058","biosynthetic process",88,1,0.55,"1.00",1,1,"Relaxed","Trebouxia","BP"
"GO:0009059","macromolecule biosynthetic process",67,1,0.42,"1.00",1,1,"Relaxed","Trebouxia","BP"
"GO:0009987","cellular process",154,1,0.96,"1.00",1,1,"Relaxed","Trebouxia","BP"
"GO:0010467","gene expression",64,1,0.4,"1.00",1,1,"Relaxed","Trebouxia","BP"
"GO:0044238","primary metabolic process",118,1,0.73,"1.00",1,1,"Relaxed","Trebouxia","BP"
"GO:0008150","biological_process",160,1,0.99,"1.00",1,1,"Relaxed","Trebouxia","BP"
"GO:0008152","metabolic process",130,1,0.81,"1.00",1,1,"Relaxed","Trebouxia","BP"
"GO:0000375","RNA splicing, via transesterification reactions",5,0,0.03,"1.00",1,1,"Relaxed","Trebouxia","BP"
"GO:0000377","RNA splicing, via transesterification reactions with bulged adenosine as nucleophile",5,0,0.03,"1.00",1,1,"Relaxed","Trebouxia","BP"
"GO:0000398","mRNA splicing, via spliceosome",5,0,0.03,"1.00",1,1,"Relaxed","Trebouxia","BP"
"GO:0005975","carbohydrate metabolic process",11,0,0.07,"1.00",1,1,"Relaxed","Trebouxia","BP"
"GO:0005996","monosaccharide metabolic process",5,0,0.03,"1.00",1,1,"Relaxed","Trebouxia","BP"
"GO:0006082","organic acid metabolic process",13,0,0.08,"1.00",1,1,"Relaxed","Trebouxia","BP"
"GO:0006139","nucleobase-containing compound metabolic process",52,0,0.32,"1.00",1,1,"Relaxed","Trebouxia","BP"
"GO:0006163","purine nucleotide metabolic process",6,0,0.04,"1.00",1,1,"Relaxed","Trebouxia","BP"
"GO:0006259","DNA metabolic process",15,0,0.09,"1.00",1,1,"Relaxed","Trebouxia","BP"
"GO:0006260","DNA replication",5,0,0.03,"1.00",1,1,"Relaxed","Trebouxia","BP"
"GO:0006281","DNA repair",9,0,0.06,"1.00",1,1,"Relaxed","Trebouxia","BP"
"GO:0006351","DNA-templated transcription",12,0,0.07,"1.00",1,1,"Relaxed","Trebouxia","BP"
"GO:0006355","regulation of DNA-templated transcription",7,0,0.04,"1.00",1,1,"Relaxed","Trebouxia","BP"
"GO:0006396","RNA processing",11,0,0.07,"1.00",1,1,"Relaxed","Trebouxia","BP"
"GO:0006397","mRNA processing",7,0,0.04,"1.00",1,1,"Relaxed","Trebouxia","BP"
"GO:0006457","protein folding",6,0,0.04,"1.00",1,1,"Relaxed","Trebouxia","BP"
"GO:0006508","proteolysis",7,0,0.04,"1.00",1,1,"Relaxed","Trebouxia","BP"
"GO:0006520","amino acid metabolic process",12,0,0.07,"1.00",1,1,"Relaxed","Trebouxia","BP"
"GO:0006753","nucleoside phosphate metabolic process",7,0,0.04,"1.00",1,1,"Relaxed","Trebouxia","BP"
"GO:0006793","phosphorus metabolic process",10,0,0.06,"1.00",1,1,"Relaxed","Trebouxia","BP"
"GO:0006796","phosphate-containing compound metabolic process",10,0,0.06,"1.00",1,1,"Relaxed","Trebouxia","BP"
"GO:0006810","transport",14,0,0.09,"1.00",1,1,"Relaxed","Trebouxia","BP"
"GO:0006950","response to stress",12,0,0.07,"1.00",1,1,"Relaxed","Trebouxia","BP"
"GO:0006974","DNA damage response",10,0,0.06,"1.00",1,1,"Relaxed","Trebouxia","BP"
"GO:0006996","organelle organization",10,0,0.06,"1.00",1,1,"Relaxed","Trebouxia","BP"
"GO:0007049","cell cycle",8,0,0.05,"1.00",1,1,"Relaxed","Trebouxia","BP"
"GO:0008104","protein localization",10,0,0.06,"1.00",1,1,"Relaxed","Trebouxia","BP"
"GO:0008380","RNA splicing",5,0,0.03,"1.00",1,1,"Relaxed","Trebouxia","BP"
"GO:0008652","amino acid biosynthetic process",5,0,0.03,"1.00",1,1,"Relaxed","Trebouxia","BP"
"GO:0009056","catabolic process",7,0,0.04,"1.00",1,1,"Relaxed","Trebouxia","BP"
"GO:0009117","nucleotide metabolic process",7,0,0.04,"1.00",1,1,"Relaxed","Trebouxia","BP"
"GO:0009150","purine ribonucleotide metabolic process",5,0,0.03,"1.00",1,1,"Relaxed","Trebouxia","BP"
"GO:0009165","nucleotide biosynthetic process",5,0,0.03,"1.00",1,1,"Relaxed","Trebouxia","BP"
"GO:0009259","ribonucleotide metabolic process",5,0,0.03,"1.00",1,1,"Relaxed","Trebouxia","BP"
"GO:0009889","regulation of biosynthetic process",8,0,0.05,"1.00",1,1,"Relaxed","Trebouxia","BP"
"GO:0010468","regulation of gene expression",8,0,0.05,"1.00",1,1,"Relaxed","Trebouxia","BP"
"GO:0010556","regulation of macromolecule biosynthetic process",8,0,0.05,"1.00",1,1,"Relaxed","Trebouxia","BP"
"GO:0015031","protein transport",6,0,0.04,"1.00",1,1,"Relaxed","Trebouxia","BP"
"GO:0016043","cellular component organization",16,0,0.1,"1.00",1,1,"Relaxed","Trebouxia","BP"
"GO:0016053","organic acid biosynthetic process",7,0,0.04,"1.00",1,1,"Relaxed","Trebouxia","BP"
"GO:0016070","RNA metabolic process",31,6,2.7,"0.007",0.007,0.728,"Strengthened","Trebouxia","BP"
"GO:0006412","translation",30,4,2.61,"0.249",0.249,1,"Strengthened","Trebouxia","BP"
"GO:0006396","RNA processing",11,2,0.96,"0.300",0.3,1,"Strengthened","Trebouxia","BP"
"GO:0006520","amino acid metabolic process",12,2,1.04,"0.361",0.361,1,"Strengthened","Trebouxia","BP"
"GO:0170034","L-amino acid biosynthetic process",5,1,0.43,"0.369",0.369,1,"Strengthened","Trebouxia","BP"
"GO:0170038","proteinogenic amino acid biosynthetic process",5,1,0.43,"0.369",0.369,1,"Strengthened","Trebouxia","BP"
"GO:0000398","mRNA splicing, via spliceosome",5,1,0.43,"0.369",0.369,1,"Strengthened","Trebouxia","BP"
"GO:0009058","biosynthetic process",88,10,7.65,"0.375",0.375,1,"Strengthened","Trebouxia","BP"
"GO:0006457","protein folding",6,1,0.52,"0.426",0.426,1,"Strengthened","Trebouxia","BP"
"GO:0009056","catabolic process",7,1,0.61,"0.478",0.478,1,"Strengthened","Trebouxia","BP"
"GO:0043412","macromolecule modification",8,1,0.7,"0.525",0.525,1,"Strengthened","Trebouxia","BP"
"GO:0006351","DNA-templated transcription",12,1,1.04,"0.678",0.678,1,"Strengthened","Trebouxia","BP"
"GO:0006810","transport",14,1,1.22,"0.736",0.736,1,"Strengthened","Trebouxia","BP"
"GO:0009987","cellular process",154,13,13.39,"0.955",0.955,1,"Strengthened","Trebouxia","BP"
"GO:0016053","organic acid biosynthetic process",7,1,0.61,"1.000",1,1,"Strengthened","Trebouxia","BP"
"GO:0043170","macromolecule metabolic process",92,10,8,"1.000",1,1,"Strengthened","Trebouxia","BP"
"GO:0006082","organic acid metabolic process",13,1,1.13,"1.000",1,1,"Strengthened","Trebouxia","BP"
"GO:0010467","gene expression",64,8,5.57,"1.000",1,1,"Strengthened","Trebouxia","BP"
"GO:0006397","mRNA processing",7,1,0.61,"1.000",1,1,"Strengthened","Trebouxia","BP"
"GO:0034654","nucleobase-containing compound biosynthetic process",30,3,2.61,"1.000",1,1,"Strengthened","Trebouxia","BP"
"GO:0008380","RNA splicing",5,1,0.43,"1.000",1,1,"Strengthened","Trebouxia","BP"
"GO:0019752","carboxylic acid metabolic process",12,1,1.04,"1.000",1,1,"Strengthened","Trebouxia","BP"
"GO:0009059","macromolecule biosynthetic process",67,8,5.83,"1.000",1,1,"Strengthened","Trebouxia","BP"
"GO:0051179","localization",18,1,1.57,"1.000",1,1,"Strengthened","Trebouxia","BP"
"GO:0090304","nucleic acid metabolic process",44,6,3.83,"1.000",1,1,"Strengthened","Trebouxia","BP"
"GO:1901605","alpha-amino acid metabolic process",7,1,0.61,"1.000",1,1,"Strengthened","Trebouxia","BP"
"GO:0170033","L-amino acid metabolic process",7,1,0.61,"1.000",1,1,"Strengthened","Trebouxia","BP"
"GO:1901607","alpha-amino acid biosynthetic process",5,1,0.43,"1.000",1,1,"Strengthened","Trebouxia","BP"
"GO:0019538","protein metabolic process",50,5,4.35,"1.000",1,1,"Strengthened","Trebouxia","BP"
"GO:0032774","RNA biosynthetic process",24,3,2.09,"1.000",1,1,"Strengthened","Trebouxia","BP"
"GO:0043436","oxoacid metabolic process",13,1,1.13,"1.000",1,1,"Strengthened","Trebouxia","BP"
"GO:0046394","carboxylic acid biosynthetic process",7,1,0.61,"1.000",1,1,"Strengthened","Trebouxia","BP"
"GO:0008652","amino acid biosynthetic process",5,1,0.43,"1.000",1,1,"Strengthened","Trebouxia","BP"
"GO:0016071","mRNA metabolic process",8,1,0.7,"1.000",1,1,"Strengthened","Trebouxia","BP"
"GO:0170039","proteinogenic amino acid metabolic process",7,1,0.61,"1.000",1,1,"Strengthened","Trebouxia","BP"
"GO:0141187","nucleic acid biosynthetic process",24,3,2.09,"1.000",1,1,"Strengthened","Trebouxia","BP"
"GO:0051604","protein maturation",9,1,0.78,"1.000",1,1,"Strengthened","Trebouxia","BP"
"GO:0006139","nucleobase-containing compound metabolic process",52,6,4.52,"1.000",1,1,"Strengthened","Trebouxia","BP"
"GO:0008150","biological_process",160,14,13.91,"1.000",1,1,"Strengthened","Trebouxia","BP"
"GO:0051234","establishment of localization",17,1,1.48,"1.000",1,1,"Strengthened","Trebouxia","BP"
"GO:0044281","small molecule metabolic process",26,1,2.26,"1.000",1,1,"Strengthened","Trebouxia","BP"
"GO:0000375","RNA splicing, via transesterification reactions",5,1,0.43,"1.000",1,1,"Strengthened","Trebouxia","BP"
"GO:0044238","primary metabolic process",118,11,10.26,"1.000",1,1,"Strengthened","Trebouxia","BP"
"GO:0008152","metabolic process",130,12,11.3,"1.000",1,1,"Strengthened","Trebouxia","BP"
"GO:0044283","small molecule biosynthetic process",9,1,0.78,"1.000",1,1,"Strengthened","Trebouxia","BP"
"GO:0000377","RNA splicing, via transesterification reactions with bulged adenosine as nucleophile",5,1,0.43,"1.000",1,1,"Strengthened","Trebouxia","BP"
"GO:0005975","carbohydrate metabolic process",11,0,0.96,"1.000",1,1,"Strengthened","Trebouxia","BP"
"GO:0005996","monosaccharide metabolic process",5,0,0.43,"1.000",1,1,"Strengthened","Trebouxia","BP"
"GO:0006163","purine nucleotide metabolic process",6,0,0.52,"1.000",1,1,"Strengthened","Trebouxia","BP"
"GO:0006259","DNA metabolic process",15,0,1.3,"1.000",1,1,"Strengthened","Trebouxia","BP"
"GO:0009058","biosynthetic process",92,5,2.67,"0.091",0.091,1,"Relaxed","Asterochloris","BP"
"GO:0006412","translation",29,2,0.84,"0.198",0.198,1,"Relaxed","Asterochloris","BP"
"GO:0006355","regulation of DNA-templated transcription",8,1,0.23,"0.214",0.214,1,"Relaxed","Asterochloris","BP"
"GO:0044283","small molecule biosynthetic process",11,1,0.32,"0.284",0.284,1,"Relaxed","Asterochloris","BP"
"GO:0065007","biological regulation",15,1,0.44,"1.000",1,1,"Relaxed","Asterochloris","BP"
"GO:2001141","regulation of RNA biosynthetic process",8,1,0.23,"1.000",1,1,"Relaxed","Asterochloris","BP"
"GO:0032774","RNA biosynthetic process",27,1,0.78,"1.000",1,1,"Relaxed","Asterochloris","BP"
"GO:0050794","regulation of cellular process",13,1,0.38,"1.000",1,1,"Relaxed","Asterochloris","BP"
"GO:0060255","regulation of macromolecule metabolic process",10,1,0.29,"1.000",1,1,"Relaxed","Asterochloris","BP"
"GO:0010467","gene expression",66,3,1.92,"1.000",1,1,"Relaxed","Asterochloris","BP"
"GO:0009889","regulation of biosynthetic process",9,1,0.26,"1.000",1,1,"Relaxed","Asterochloris","BP"
"GO:0010556","regulation of macromolecule biosynthetic process",9,1,0.26,"1.000",1,1,"Relaxed","Asterochloris","BP"
"GO:0010468","regulation of gene expression",9,1,0.26,"1.000",1,1,"Relaxed","Asterochloris","BP"
"GO:0080090","regulation of primary metabolic process",9,1,0.26,"1.000",1,1,"Relaxed","Asterochloris","BP"
"GO:0009059","macromolecule biosynthetic process",69,3,2.01,"1.000",1,1,"Relaxed","Asterochloris","BP"
"GO:0034654","nucleobase-containing compound biosynthetic process",32,1,0.93,"1.000",1,1,"Relaxed","Asterochloris","BP"
"GO:0044238","primary metabolic process",125,3,3.63,"1.000",1,1,"Relaxed","Asterochloris","BP"
"GO:0051252","regulation of RNA metabolic process",8,1,0.23,"1.000",1,1,"Relaxed","Asterochloris","BP"
"GO:0019538","protein metabolic process",52,2,1.51,"1.000",1,1,"Relaxed","Asterochloris","BP"
"GO:0050789","regulation of biological process",13,1,0.38,"1.000",1,1,"Relaxed","Asterochloris","BP"
"GO:0006139","nucleobase-containing compound metabolic process",57,1,1.66,"1.000",1,1,"Relaxed","Asterochloris","BP"
"GO:0009987","cellular process",164,5,4.77,"1.000",1,1,"Relaxed","Asterochloris","BP"
"GO:0008150","biological_process",170,5,4.94,"1.000",1,1,"Relaxed","Asterochloris","BP"
"GO:0019219","regulation of nucleobase-containing compound metabolic process",8,1,0.23,"1.000",1,1,"Relaxed","Asterochloris","BP"
"GO:0008152","metabolic process",138,5,4.01,"1.000",1,1,"Relaxed","Asterochloris","BP"
"GO:0044281","small molecule metabolic process",26,1,0.76,"1.000",1,1,"Relaxed","Asterochloris","BP"
"GO:0016070","RNA metabolic process",34,1,0.99,"1.000",1,1,"Relaxed","Asterochloris","BP"
"GO:0043170","macromolecule metabolic process",99,3,2.88,"1.000",1,1,"Relaxed","Asterochloris","BP"
"GO:0141187","nucleic acid biosynthetic process",27,1,0.78,"1.000",1,1,"Relaxed","Asterochloris","BP"
"GO:0090304","nucleic acid metabolic process",50,1,1.45,"1.000",1,1,"Relaxed","Asterochloris","BP"
"GO:0006351","DNA-templated transcription",13,1,0.38,"1.000",1,1,"Relaxed","Asterochloris","BP"
"GO:0019222","regulation of metabolic process",11,1,0.32,"1.000",1,1,"Relaxed","Asterochloris","BP"
"GO:0000375","RNA splicing, via transesterification reactions",6,0,0.17,"1.000",1,1,"Relaxed","Asterochloris","BP"
"GO:0000377","RNA splicing, via transesterification reactions with bulged adenosine as nucleophile",6,0,0.17,"1.000",1,1,"Relaxed","Asterochloris","BP"
"GO:0000398","mRNA splicing, via spliceosome",6,0,0.17,"1.000",1,1,"Relaxed","Asterochloris","BP"
"GO:0005975","carbohydrate metabolic process",10,0,0.29,"1.000",1,1,"Relaxed","Asterochloris","BP"
"GO:0006082","organic acid metabolic process",14,0,0.41,"1.000",1,1,"Relaxed","Asterochloris","BP"
"GO:0006163","purine nucleotide metabolic process",5,0,0.15,"1.000",1,1,"Relaxed","Asterochloris","BP"
"GO:0006259","DNA metabolic process",18,0,0.52,"1.000",1,1,"Relaxed","Asterochloris","BP"
"GO:0006260","DNA replication",6,0,0.17,"1.000",1,1,"Relaxed","Asterochloris","BP"
"GO:0006281","DNA repair",10,0,0.29,"1.000",1,1,"Relaxed","Asterochloris","BP"
"GO:0006396","RNA processing",13,0,0.38,"1.000",1,1,"Relaxed","Asterochloris","BP"
"GO:0006397","mRNA processing",8,0,0.23,"1.000",1,1,"Relaxed","Asterochloris","BP"
"GO:0006399","tRNA metabolic process",5,0,0.15,"1.000",1,1,"Relaxed","Asterochloris","BP"
"GO:0006457","protein folding",7,0,0.2,"1.000",1,1,"Relaxed","Asterochloris","BP"
"GO:0006508","proteolysis",7,0,0.2,"1.000",1,1,"Relaxed","Asterochloris","BP"
"GO:0006520","amino acid metabolic process",13,0,0.38,"1.000",1,1,"Relaxed","Asterochloris","BP"
"GO:0006753","nucleoside phosphate metabolic process",6,0,0.17,"1.000",1,1,"Relaxed","Asterochloris","BP"
"GO:0006793","phosphorus metabolic process",10,0,0.29,"1.000",1,1,"Relaxed","Asterochloris","BP"
"GO:0006796","phosphate-containing compound metabolic process",10,0,0.29,"1.000",1,1,"Relaxed","Asterochloris","BP"
"GO:0003677","DNA binding",8,1,0.1,"0.094",0.094,1,"Relaxed","Coccomyxa","MF"
"GO:0005524","ATP binding",22,1,0.26,"0.247",0.247,1,"Relaxed","Coccomyxa","MF"
"GO:0003674","molecular_function",164,2,1.96,"1.000",1,1,"Relaxed","Coccomyxa","MF"
"GO:0003676","nucleic acid binding",18,1,0.22,"1.000",1,1,"Relaxed","Coccomyxa","MF"
"GO:0005488","binding",63,2,0.75,"1.000",1,1,"Relaxed","Coccomyxa","MF"
"GO:1901265","nucleoside phosphate binding",25,1,0.3,"1.000",1,1,"Relaxed","Coccomyxa","MF"
"GO:0000166","nucleotide binding",25,1,0.3,"1.000",1,1,"Relaxed","Coccomyxa","MF"
"GO:0032553","ribonucleotide binding",24,1,0.29,"1.000",1,1,"Relaxed","Coccomyxa","MF"
"GO:0097367","carbohydrate derivative binding",26,1,0.31,"1.000",1,1,"Relaxed","Coccomyxa","MF"
"GO:0032555","purine ribonucleotide binding",24,1,0.29,"1.000",1,1,"Relaxed","Coccomyxa","MF"
"GO:0035639","purine ribonucleoside triphosphate binding",24,1,0.29,"1.000",1,1,"Relaxed","Coccomyxa","MF"
"GO:0032559","adenyl ribonucleotide binding",22,1,0.26,"1.000",1,1,"Relaxed","Coccomyxa","MF"
"GO:0017076","purine nucleotide binding",25,1,0.3,"1.000",1,1,"Relaxed","Coccomyxa","MF"
"GO:0043167","ion binding",31,1,0.37,"1.000",1,1,"Relaxed","Coccomyxa","MF"
"GO:1901363","heterocyclic compound binding",28,1,0.34,"1.000",1,1,"Relaxed","Coccomyxa","MF"
"GO:0036094","small molecule binding",34,1,0.41,"1.000",1,1,"Relaxed","Coccomyxa","MF"
"GO:0043168","anion binding",25,1,0.3,"1.000",1,1,"Relaxed","Coccomyxa","MF"
"GO:0030554","adenyl nucleotide binding",23,1,0.28,"1.000",1,1,"Relaxed","Coccomyxa","MF"
"GO:0003723","RNA binding",9,0,0.11,"1.000",1,1,"Relaxed","Coccomyxa","MF"
"GO:0003735","structural constituent of ribosome",24,0,0.29,"1.000",1,1,"Relaxed","Coccomyxa","MF"
"GO:0003743","translation initiation factor activity",6,0,0.07,"1.000",1,1,"Relaxed","Coccomyxa","MF"
"GO:0003824","catalytic activity",85,0,1.02,"1.000",1,1,"Relaxed","Coccomyxa","MF"
"GO:0005198","structural molecule activity",24,0,0.29,"1.000",1,1,"Relaxed","Coccomyxa","MF"
"GO:0005215","transporter activity",9,0,0.11,"1.000",1,1,"Relaxed","Coccomyxa","MF"
"GO:0005515","protein binding",16,0,0.19,"1.000",1,1,"Relaxed","Coccomyxa","MF"
"GO:0008135","translation factor activity, RNA binding",9,0,0.11,"1.000",1,1,"Relaxed","Coccomyxa","MF"
"GO:0008168","methyltransferase activity",5,0,0.06,"1.000",1,1,"Relaxed","Coccomyxa","MF"
"GO:0008233","peptidase activity",6,0,0.07,"1.000",1,1,"Relaxed","Coccomyxa","MF"
"GO:0008324","monoatomic cation transmembrane transporter activity",5,0,0.06,"1.000",1,1,"Relaxed","Coccomyxa","MF"
"GO:0015075","monoatomic ion transmembrane transporter activity",5,0,0.06,"1.000",1,1,"Relaxed","Coccomyxa","MF"
"GO:0015318","inorganic molecular entity transmembrane transporter activity",6,0,0.07,"1.000",1,1,"Relaxed","Coccomyxa","MF"
"GO:0016301","kinase activity",5,0,0.06,"1.000",1,1,"Relaxed","Coccomyxa","MF"
"GO:0016491","oxidoreductase activity",15,0,0.18,"1.000",1,1,"Relaxed","Coccomyxa","MF"
"GO:0016740","transferase activity",27,0,0.32,"1.000",1,1,"Relaxed","Coccomyxa","MF"
"GO:0016741","transferase activity, transferring one-carbon groups",5,0,0.06,"1.000",1,1,"Relaxed","Coccomyxa","MF"
"GO:0016757","glycosyltransferase activity",5,0,0.06,"1.000",1,1,"Relaxed","Coccomyxa","MF"
"GO:0016772","transferase activity, transferring phosphorus-containing groups",11,0,0.13,"1.000",1,1,"Relaxed","Coccomyxa","MF"
"GO:0016773","phosphotransferase activity, alcohol group as acceptor",6,0,0.07,"1.000",1,1,"Relaxed","Coccomyxa","MF"
"GO:0016787","hydrolase activity",19,0,0.23,"1.000",1,1,"Relaxed","Coccomyxa","MF"
"GO:0016788","hydrolase activity, acting on ester bonds",7,0,0.08,"1.000",1,1,"Relaxed","Coccomyxa","MF"
"GO:0016829","lyase activity",6,0,0.07,"1.000",1,1,"Relaxed","Coccomyxa","MF"
"GO:0016853","isomerase activity",5,0,0.06,"1.000",1,1,"Relaxed","Coccomyxa","MF"
"GO:0016874","ligase activity",12,0,0.14,"1.000",1,1,"Relaxed","Coccomyxa","MF"
"GO:0016879","ligase activity, forming carbon-nitrogen bonds",7,0,0.08,"1.000",1,1,"Relaxed","Coccomyxa","MF"
"GO:0022804","active transmembrane transporter activity",5,0,0.06,"1.000",1,1,"Relaxed","Coccomyxa","MF"
"GO:0022857","transmembrane transporter activity",9,0,0.11,"1.000",1,1,"Relaxed","Coccomyxa","MF"
"GO:0022890","inorganic cation transmembrane transporter activity",5,0,0.06,"1.000",1,1,"Relaxed","Coccomyxa","MF"
"GO:0043169","cation binding",7,0,0.08,"1.000",1,1,"Relaxed","Coccomyxa","MF"
"GO:0046872","metal ion binding",7,0,0.08,"1.000",1,1,"Relaxed","Coccomyxa","MF"
"GO:0051082","unfolded protein binding",7,0,0.08,"1.000",1,1,"Relaxed","Coccomyxa","MF"
"GO:0016874","ligase activity",12,2,0.6,"0.21",0.21,1,"Relaxed","Symbiochloris","MF"
"GO:0016757","glycosyltransferase activity",5,1,0.25,"0.23",0.23,1,"Relaxed","Symbiochloris","MF"
"GO:0016773","phosphotransferase activity, alcohol group as acceptor",5,1,0.25,"0.23",0.23,1,"Relaxed","Symbiochloris","MF"
"GO:0005524","ATP binding",19,2,0.94,"0.24",0.24,1,"Relaxed","Symbiochloris","MF"
"GO:0046872","metal ion binding",6,1,0.3,"0.27",0.27,1,"Relaxed","Symbiochloris","MF"
"GO:0016879","ligase activity, forming carbon-nitrogen bonds",7,1,0.35,"0.30",0.3,1,"Relaxed","Symbiochloris","MF"
"GO:0140098","catalytic activity, acting on RNA",8,1,0.4,"0.34",0.34,1,"Relaxed","Symbiochloris","MF"
"GO:0003723","RNA binding",9,1,0.45,"0.38",0.38,1,"Relaxed","Symbiochloris","MF"
"GO:0016740","transferase activity",28,3,1.39,"0.46",0.46,1,"Relaxed","Symbiochloris","MF"
"GO:0016491","oxidoreductase activity",16,1,0.8,"0.58",0.58,1,"Relaxed","Symbiochloris","MF"
"GO:0016787","hydrolase activity",18,1,0.89,"0.62",0.62,1,"Relaxed","Symbiochloris","MF"
"GO:0003824","catalytic activity",86,7,4.27,"1.00",1,1,"Relaxed","Symbiochloris","MF"
"GO:0097367","carbohydrate derivative binding",23,2,1.14,"1.00",1,1,"Relaxed","Symbiochloris","MF"
"GO:0140640","catalytic activity, acting on a nucleic acid",9,1,0.45,"1.00",1,1,"Relaxed","Symbiochloris","MF"
"GO:0003674","molecular_function",157,8,7.8,"1.00",1,1,"Relaxed","Symbiochloris","MF"
"GO:0003676","nucleic acid binding",16,1,0.8,"1.00",1,1,"Relaxed","Symbiochloris","MF"
"GO:1901265","nucleoside phosphate binding",22,2,1.09,"1.00",1,1,"Relaxed","Symbiochloris","MF"
"GO:1901363","heterocyclic compound binding",25,2,1.24,"1.00",1,1,"Relaxed","Symbiochloris","MF"
"GO:0000166","nucleotide binding",22,2,1.09,"1.00",1,1,"Relaxed","Symbiochloris","MF"
"GO:0043167","ion binding",27,3,1.34,"1.00",1,1,"Relaxed","Symbiochloris","MF"
"GO:0043168","anion binding",22,2,1.09,"1.00",1,1,"Relaxed","Symbiochloris","MF"
"GO:0043169","cation binding",6,1,0.3,"1.00",1,1,"Relaxed","Symbiochloris","MF"
"GO:0032553","ribonucleotide binding",21,2,1.04,"1.00",1,1,"Relaxed","Symbiochloris","MF"
"GO:0032555","purine ribonucleotide binding",21,2,1.04,"1.00",1,1,"Relaxed","Symbiochloris","MF"
"GO:0035639","purine ribonucleoside triphosphate binding",21,2,1.04,"1.00",1,1,"Relaxed","Symbiochloris","MF"
"GO:0005488","binding",57,4,2.83,"1.00",1,1,"Relaxed","Symbiochloris","MF"
"GO:0017076","purine nucleotide binding",22,2,1.09,"1.00",1,1,"Relaxed","Symbiochloris","MF"
"GO:0032559","adenyl ribonucleotide binding",19,2,0.94,"1.00",1,1,"Relaxed","Symbiochloris","MF"
"GO:0030554","adenyl nucleotide binding",20,2,0.99,"1.00",1,1,"Relaxed","Symbiochloris","MF"
"GO:0016772","transferase activity, transferring phosphorus-containing groups",9,1,0.45,"1.00",1,1,"Relaxed","Symbiochloris","MF"
"GO:0036094","small molecule binding",30,3,1.49,"1.00",1,1,"Relaxed","Symbiochloris","MF"
"GO:0003677","DNA binding",6,0,0.3,"1.00",1,1,"Relaxed","Symbiochloris","MF"
"GO:0003735","structural constituent of ribosome",21,0,1.04,"1.00",1,1,"Relaxed","Symbiochloris","MF"
"GO:0003743","translation initiation factor activity",6,0,0.3,"1.00",1,1,"Relaxed","Symbiochloris","MF"
"GO:0005198","structural molecule activity",21,0,1.04,"1.00",1,1,"Relaxed","Symbiochloris","MF"
"GO:0005215","transporter activity",8,0,0.4,"1.00",1,1,"Relaxed","Symbiochloris","MF"
"GO:0005515","protein binding",14,0,0.7,"1.00",1,1,"Relaxed","Symbiochloris","MF"
"GO:0008135","translation factor activity, RNA binding",9,0,0.45,"1.00",1,1,"Relaxed","Symbiochloris","MF"
"GO:0008168","methyltransferase activity",6,0,0.3,"1.00",1,1,"Relaxed","Symbiochloris","MF"
"GO:0008233","peptidase activity",7,0,0.35,"1.00",1,1,"Relaxed","Symbiochloris","MF"
"GO:0015318","inorganic molecular entity transmembrane transporter activity",5,0,0.25,"1.00",1,1,"Relaxed","Symbiochloris","MF"
"GO:0016741","transferase activity, transferring one-carbon groups",6,0,0.3,"1.00",1,1,"Relaxed","Symbiochloris","MF"
"GO:0016788","hydrolase activity, acting on ester bonds",5,0,0.25,"1.00",1,1,"Relaxed","Symbiochloris","MF"
"GO:0016829","lyase activity",6,0,0.3,"1.00",1,1,"Relaxed","Symbiochloris","MF"
"GO:0016853","isomerase activity",5,0,0.25,"1.00",1,1,"Relaxed","Symbiochloris","MF"
"GO:0022804","active transmembrane transporter activity",5,0,0.25,"1.00",1,1,"Relaxed","Symbiochloris","MF"
"GO:0022857","transmembrane transporter activity",8,0,0.4,"1.00",1,1,"Relaxed","Symbiochloris","MF"
"GO:0051082","unfolded protein binding",5,0,0.25,"1.00",1,1,"Relaxed","Symbiochloris","MF"
"GO:0140096","catalytic activity, acting on a protein",14,0,0.7,"1.00",1,1,"Relaxed","Symbiochloris","MF"
"GO:0140657","ATP-dependent activity",5,0,0.25,"1.00",1,1,"Relaxed","Symbiochloris","MF"
"GO:0008233","peptidase activity",7,2,0.17,"0.0094",0.0094,0.4794,"Strengthened","Symbiochloris","MF"
"GO:0016788","hydrolase activity, acting on ester bonds",5,1,0.12,"0.1196",0.1196,1,"Strengthened","Symbiochloris","MF"
"GO:0003743","translation initiation factor activity",6,1,0.15,"0.1422",0.1422,1,"Strengthened","Symbiochloris","MF"
"GO:0003674","molecular_function",157,4,3.9,"1.0000",1,1,"Strengthened","Symbiochloris","MF"
"GO:0140096","catalytic activity, acting on a protein",14,2,0.35,"1.0000",1,1,"Strengthened","Symbiochloris","MF"
"GO:0008135","translation factor activity, RNA binding",9,1,0.22,"1.0000",1,1,"Strengthened","Symbiochloris","MF"
"GO:0180051","translation factor activity",9,1,0.22,"1.0000",1,1,"Strengthened","Symbiochloris","MF"
"GO:0016787","hydrolase activity",18,3,0.45,"1.0000",1,1,"Strengthened","Symbiochloris","MF"
"GO:0003824","catalytic activity",86,3,2.14,"1.0000",1,1,"Strengthened","Symbiochloris","MF"
"GO:0000166","nucleotide binding",22,0,0.55,"1.0000",1,1,"Strengthened","Symbiochloris","MF"
"GO:0003676","nucleic acid binding",16,0,0.4,"1.0000",1,1,"Strengthened","Symbiochloris","MF"
"GO:0003677","DNA binding",6,0,0.15,"1.0000",1,1,"Strengthened","Symbiochloris","MF"
"GO:0003723","RNA binding",9,0,0.22,"1.0000",1,1,"Strengthened","Symbiochloris","MF"
"GO:0003735","structural constituent of ribosome",21,0,0.52,"1.0000",1,1,"Strengthened","Symbiochloris","MF"
"GO:0005198","structural molecule activity",21,0,0.52,"1.0000",1,1,"Strengthened","Symbiochloris","MF"
"GO:0005215","transporter activity",8,0,0.2,"1.0000",1,1,"Strengthened","Symbiochloris","MF"
"GO:0005488","binding",57,0,1.42,"1.0000",1,1,"Strengthened","Symbiochloris","MF"
"GO:0005515","protein binding",14,0,0.35,"1.0000",1,1,"Strengthened","Symbiochloris","MF"
"GO:0005524","ATP binding",19,0,0.47,"1.0000",1,1,"Strengthened","Symbiochloris","MF"
"GO:0008168","methyltransferase activity",6,0,0.15,"1.0000",1,1,"Strengthened","Symbiochloris","MF"
"GO:0015318","inorganic molecular entity transmembrane transporter activity",5,0,0.12,"1.0000",1,1,"Strengthened","Symbiochloris","MF"
"GO:0016491","oxidoreductase activity",16,0,0.4,"1.0000",1,1,"Strengthened","Symbiochloris","MF"
"GO:0016740","transferase activity",28,0,0.7,"1.0000",1,1,"Strengthened","Symbiochloris","MF"
"GO:0016741","transferase activity, transferring one-carbon groups",6,0,0.15,"1.0000",1,1,"Strengthened","Symbiochloris","MF"
"GO:0016757","glycosyltransferase activity",5,0,0.12,"1.0000",1,1,"Strengthened","Symbiochloris","MF"
"GO:0016772","transferase activity, transferring phosphorus-containing groups",9,0,0.22,"1.0000",1,1,"Strengthened","Symbiochloris","MF"
"GO:0016773","phosphotransferase activity, alcohol group as acceptor",5,0,0.12,"1.0000",1,1,"Strengthened","Symbiochloris","MF"
"GO:0016829","lyase activity",6,0,0.15,"1.0000",1,1,"Strengthened","Symbiochloris","MF"
"GO:0016853","isomerase activity",5,0,0.12,"1.0000",1,1,"Strengthened","Symbiochloris","MF"
"GO:0016874","ligase activity",12,0,0.3,"1.0000",1,1,"Strengthened","Symbiochloris","MF"
"GO:0016879","ligase activity, forming carbon-nitrogen bonds",7,0,0.17,"1.0000",1,1,"Strengthened","Symbiochloris","MF"
"GO:0017076","purine nucleotide binding",22,0,0.55,"1.0000",1,1,"Strengthened","Symbiochloris","MF"
"GO:0022804","active transmembrane transporter activity",5,0,0.12,"1.0000",1,1,"Strengthened","Symbiochloris","MF"
"GO:0022857","transmembrane transporter activity",8,0,0.2,"1.0000",1,1,"Strengthened","Symbiochloris","MF"
"GO:0030554","adenyl nucleotide binding",20,0,0.5,"1.0000",1,1,"Strengthened","Symbiochloris","MF"
"GO:0032553","ribonucleotide binding",21,0,0.52,"1.0000",1,1,"Strengthened","Symbiochloris","MF"
"GO:0032555","purine ribonucleotide binding",21,0,0.52,"1.0000",1,1,"Strengthened","Symbiochloris","MF"
"GO:0032559","adenyl ribonucleotide binding",19,0,0.47,"1.0000",1,1,"Strengthened","Symbiochloris","MF"
"GO:0035639","purine ribonucleoside triphosphate binding",21,0,0.52,"1.0000",1,1,"Strengthened","Symbiochloris","MF"
"GO:0036094","small molecule binding",30,0,0.75,"1.0000",1,1,"Strengthened","Symbiochloris","MF"
"GO:0043167","ion binding",27,0,0.67,"1.0000",1,1,"Strengthened","Symbiochloris","MF"
"GO:0043168","anion binding",22,0,0.55,"1.0000",1,1,"Strengthened","Symbiochloris","MF"
"GO:0043169","cation binding",6,0,0.15,"1.0000",1,1,"Strengthened","Symbiochloris","MF"
"GO:0046872","metal ion binding",6,0,0.15,"1.0000",1,1,"Strengthened","Symbiochloris","MF"
"GO:0051082","unfolded protein binding",5,0,0.12,"1.0000",1,1,"Strengthened","Symbiochloris","MF"
"GO:0097367","carbohydrate derivative binding",23,0,0.57,"1.0000",1,1,"Strengthened","Symbiochloris","MF"
"GO:0140098","catalytic activity, acting on RNA",8,0,0.2,"1.0000",1,1,"Strengthened","Symbiochloris","MF"
"GO:0140640","catalytic activity, acting on a nucleic acid",9,0,0.22,"1.0000",1,1,"Strengthened","Symbiochloris","MF"
"GO:0140657","ATP-dependent activity",5,0,0.12,"1.0000",1,1,"Strengthened","Symbiochloris","MF"
"GO:1901265","nucleoside phosphate binding",22,0,0.55,"1.0000",1,1,"Strengthened","Symbiochloris","MF"
"GO:0003735","structural constituent of ribosome",22,1,0.13,"0.13",0.13,1,"Relaxed","Trebouxia","MF"
"GO:0003674","molecular_function",162,1,0.98,"1.00",1,1,"Relaxed","Trebouxia","MF"
"GO:0005198","structural molecule activity",22,1,0.13,"1.00",1,1,"Relaxed","Trebouxia","MF"
"GO:0000166","nucleotide binding",25,0,0.15,"1.00",1,1,"Relaxed","Trebouxia","MF"
"GO:0003676","nucleic acid binding",18,0,0.11,"1.00",1,1,"Relaxed","Trebouxia","MF"
"GO:0003677","DNA binding",8,0,0.05,"1.00",1,1,"Relaxed","Trebouxia","MF"
"GO:0003723","RNA binding",9,0,0.05,"1.00",1,1,"Relaxed","Trebouxia","MF"
"GO:0003743","translation initiation factor activity",6,0,0.04,"1.00",1,1,"Relaxed","Trebouxia","MF"
"GO:0003824","catalytic activity",86,0,0.52,"1.00",1,1,"Relaxed","Trebouxia","MF"
"GO:0005215","transporter activity",8,0,0.05,"1.00",1,1,"Relaxed","Trebouxia","MF"
"GO:0005488","binding",63,0,0.38,"1.00",1,1,"Relaxed","Trebouxia","MF"
"GO:0005515","protein binding",17,0,0.1,"1.00",1,1,"Relaxed","Trebouxia","MF"
"GO:0005524","ATP binding",22,0,0.13,"1.00",1,1,"Relaxed","Trebouxia","MF"
"GO:0008135","translation factor activity, RNA binding",9,0,0.05,"1.00",1,1,"Relaxed","Trebouxia","MF"
"GO:0008168","methyltransferase activity",6,0,0.04,"1.00",1,1,"Relaxed","Trebouxia","MF"
"GO:0008233","peptidase activity",6,0,0.04,"1.00",1,1,"Relaxed","Trebouxia","MF"
"GO:0008324","monoatomic cation transmembrane transporter activity",5,0,0.03,"1.00",1,1,"Relaxed","Trebouxia","MF"
"GO:0015075","monoatomic ion transmembrane transporter activity",5,0,0.03,"1.00",1,1,"Relaxed","Trebouxia","MF"
"GO:0015318","inorganic molecular entity transmembrane transporter activity",6,0,0.04,"1.00",1,1,"Relaxed","Trebouxia","MF"
"GO:0016301","kinase activity",5,0,0.03,"1.00",1,1,"Relaxed","Trebouxia","MF"
"GO:0016491","oxidoreductase activity",17,0,0.1,"1.00",1,1,"Relaxed","Trebouxia","MF"
"GO:0016740","transferase activity",29,0,0.18,"1.00",1,1,"Relaxed","Trebouxia","MF"
"GO:0016741","transferase activity, transferring one-carbon groups",6,0,0.04,"1.00",1,1,"Relaxed","Trebouxia","MF"
"GO:0016757","glycosyltransferase activity",5,0,0.03,"1.00",1,1,"Relaxed","Trebouxia","MF"
"GO:0016772","transferase activity, transferring phosphorus-containing groups",11,0,0.07,"1.00",1,1,"Relaxed","Trebouxia","MF"
"GO:0016773","phosphotransferase activity, alcohol group as acceptor",6,0,0.04,"1.00",1,1,"Relaxed","Trebouxia","MF"
"GO:0016787","hydrolase activity",18,0,0.11,"1.00",1,1,"Relaxed","Trebouxia","MF"
"GO:0016788","hydrolase activity, acting on ester bonds",6,0,0.04,"1.00",1,1,"Relaxed","Trebouxia","MF"
"GO:0016829","lyase activity",6,0,0.04,"1.00",1,1,"Relaxed","Trebouxia","MF"
"GO:0016874","ligase activity",10,0,0.06,"1.00",1,1,"Relaxed","Trebouxia","MF"
"GO:0016879","ligase activity, forming carbon-nitrogen bonds",5,0,0.03,"1.00",1,1,"Relaxed","Trebouxia","MF"
"GO:0017076","purine nucleotide binding",25,0,0.15,"1.00",1,1,"Relaxed","Trebouxia","MF"
"GO:0022804","active transmembrane transporter activity",5,0,0.03,"1.00",1,1,"Relaxed","Trebouxia","MF"
"GO:0022857","transmembrane transporter activity",8,0,0.05,"1.00",1,1,"Relaxed","Trebouxia","MF"
"GO:0022890","inorganic cation transmembrane transporter activity",5,0,0.03,"1.00",1,1,"Relaxed","Trebouxia","MF"
"GO:0030554","adenyl nucleotide binding",23,0,0.14,"1.00",1,1,"Relaxed","Trebouxia","MF"
"GO:0032553","ribonucleotide binding",24,0,0.15,"1.00",1,1,"Relaxed","Trebouxia","MF"
"GO:0032555","purine ribonucleotide binding",24,0,0.15,"1.00",1,1,"Relaxed","Trebouxia","MF"
"GO:0032559","adenyl ribonucleotide binding",22,0,0.13,"1.00",1,1,"Relaxed","Trebouxia","MF"
"GO:0035639","purine ribonucleoside triphosphate binding",24,0,0.15,"1.00",1,1,"Relaxed","Trebouxia","MF"
"GO:0036094","small molecule binding",34,0,0.21,"1.00",1,1,"Relaxed","Trebouxia","MF"
"GO:0043167","ion binding",31,0,0.19,"1.00",1,1,"Relaxed","Trebouxia","MF"
"GO:0043168","anion binding",25,0,0.15,"1.00",1,1,"Relaxed","Trebouxia","MF"
"GO:0043169","cation binding",7,0,0.04,"1.00",1,1,"Relaxed","Trebouxia","MF"
"GO:0046872","metal ion binding",7,0,0.04,"1.00",1,1,"Relaxed","Trebouxia","MF"
"GO:0051082","unfolded protein binding",7,0,0.04,"1.00",1,1,"Relaxed","Trebouxia","MF"
"GO:0097367","carbohydrate derivative binding",26,0,0.16,"1.00",1,1,"Relaxed","Trebouxia","MF"
"GO:0140096","catalytic activity, acting on a protein",13,0,0.08,"1.00",1,1,"Relaxed","Trebouxia","MF"
"GO:0140098","catalytic activity, acting on RNA",9,0,0.05,"1.00",1,1,"Relaxed","Trebouxia","MF"
"GO:0140640","catalytic activity, acting on a nucleic acid",10,0,0.06,"1.00",1,1,"Relaxed","Trebouxia","MF"
"GO:0140098","catalytic activity, acting on RNA",9,4,1.04,"0.011",0.011,0.297,"Strengthened","Trebouxia","MF"
"GO:0003723","RNA binding",9,4,1.04,"0.011",0.011,0.297,"Strengthened","Trebouxia","MF"
"GO:0005515","protein binding",17,4,1.96,"0.090",0.09,1,"Strengthened","Trebouxia","MF"
"GO:0016874","ligase activity",10,3,1.15,"0.098",0.098,1,"Strengthened","Trebouxia","MF"
"GO:0030554","adenyl nucleotide binding",23,5,2.65,"0.105",0.105,1,"Strengthened","Trebouxia","MF"
"GO:0140657","ATP-dependent activity",6,2,0.69,"0.142",0.142,1,"Strengthened","Trebouxia","MF"
"GO:0003743","translation initiation factor activity",6,2,0.69,"0.142",0.142,1,"Strengthened","Trebouxia","MF"
"GO:0035639","purine ribonucleoside triphosphate binding",24,5,2.76,"0.199",0.199,1,"Strengthened","Trebouxia","MF"
"GO:0032555","purine ribonucleotide binding",24,5,2.76,"0.199",0.199,1,"Strengthened","Trebouxia","MF"
"GO:0005524","ATP binding",22,4,2.53,"0.233",0.233,1,"Strengthened","Trebouxia","MF"
"GO:0008135","translation factor activity, RNA binding",9,3,1.04,"0.289",0.289,1,"Strengthened","Trebouxia","MF"
"GO:0022804","active transmembrane transporter activity",5,1,0.58,"0.462",0.462,1,"Strengthened","Trebouxia","MF"
"GO:0016879","ligase activity, forming carbon-nitrogen bonds",5,1,0.58,"0.462",0.462,1,"Strengthened","Trebouxia","MF"
"GO:0008233","peptidase activity",6,1,0.69,"0.526",0.526,1,"Strengthened","Trebouxia","MF"
"GO:0140096","catalytic activity, acting on a protein",13,2,1.5,"0.576",0.576,1,"Strengthened","Trebouxia","MF"
"GO:0051082","unfolded protein binding",7,1,0.81,"0.582",0.582,1,"Strengthened","Trebouxia","MF"
"GO:0016491","oxidoreductase activity",17,2,1.96,"0.612",0.612,1,"Strengthened","Trebouxia","MF"
"GO:0003824","catalytic activity",86,10,9.9,"0.681",0.681,1,"Strengthened","Trebouxia","MF"
"GO:0016772","transferase activity, transferring phosphorus-containing groups",11,1,1.27,"0.751",0.751,1,"Strengthened","Trebouxia","MF"
"GO:0016787","hydrolase activity",18,2,2.07,"0.776",0.776,1,"Strengthened","Trebouxia","MF"
"GO:0003735","structural constituent of ribosome",22,1,2.53,"0.945",0.945,1,"Strengthened","Trebouxia","MF"
"GO:0032559","adenyl ribonucleotide binding",22,4,2.53,"1.000",1,1,"Strengthened","Trebouxia","MF"
"GO:1901265","nucleoside phosphate binding",25,6,2.88,"1.000",1,1,"Strengthened","Trebouxia","MF"
"GO:0043167","ion binding",31,5,3.57,"1.000",1,1,"Strengthened","Trebouxia","MF"
"GO:0017076","purine nucleotide binding",25,6,2.88,"1.000",1,1,"Strengthened","Trebouxia","MF"
"GO:0043168","anion binding",25,5,2.88,"1.000",1,1,"Strengthened","Trebouxia","MF"
"GO:1901363","heterocyclic compound binding",28,6,3.22,"1.000",1,1,"Strengthened","Trebouxia","MF"
"GO:0003674","molecular_function",162,19,18.65,"1.000",1,1,"Strengthened","Trebouxia","MF"
"GO:0003676","nucleic acid binding",18,4,2.07,"1.000",1,1,"Strengthened","Trebouxia","MF"
"GO:0180051","translation factor activity",9,3,1.04,"1.000",1,1,"Strengthened","Trebouxia","MF"
"GO:0016740","transferase activity",29,1,3.34,"1.000",1,1,"Strengthened","Trebouxia","MF"
"GO:0097367","carbohydrate derivative binding",26,5,2.99,"1.000",1,1,"Strengthened","Trebouxia","MF"
"GO:0005215","transporter activity",8,1,0.92,"1.000",1,1,"Strengthened","Trebouxia","MF"
"GO:0140640","catalytic activity, acting on a nucleic acid",10,4,1.15,"1.000",1,1,"Strengthened","Trebouxia","MF"
"GO:0000166","nucleotide binding",25,6,2.88,"1.000",1,1,"Strengthened","Trebouxia","MF"
"GO:0005488","binding",63,11,7.25,"1.000",1,1,"Strengthened","Trebouxia","MF"
"GO:0036094","small molecule binding",34,6,3.92,"1.000",1,1,"Strengthened","Trebouxia","MF"
"GO:0005198","structural molecule activity",22,1,2.53,"1.000",1,1,"Strengthened","Trebouxia","MF"
"GO:0032553","ribonucleotide binding",24,5,2.76,"1.000",1,1,"Strengthened","Trebouxia","MF"
"GO:0022857","transmembrane transporter activity",8,1,0.92,"1.000",1,1,"Strengthened","Trebouxia","MF"
"GO:0003677","DNA binding",8,0,0.92,"1.000",1,1,"Strengthened","Trebouxia","MF"
"GO:0008168","methyltransferase activity",6,0,0.69,"1.000",1,1,"Strengthened","Trebouxia","MF"
"GO:0008324","monoatomic cation transmembrane transporter activity",5,0,0.58,"1.000",1,1,"Strengthened","Trebouxia","MF"
"GO:0015075","monoatomic ion transmembrane transporter activity",5,0,0.58,"1.000",1,1,"Strengthened","Trebouxia","MF"
"GO:0015318","inorganic molecular entity transmembrane transporter activity",6,0,0.69,"1.000",1,1,"Strengthened","Trebouxia","MF"
"GO:0016301","kinase activity",5,0,0.58,"1.000",1,1,"Strengthened","Trebouxia","MF"
"GO:0016741","transferase activity, transferring one-carbon groups",6,0,0.69,"1.000",1,1,"Strengthened","Trebouxia","MF"
"GO:0016757","glycosyltransferase activity",5,0,0.58,"1.000",1,1,"Strengthened","Trebouxia","MF"
"GO:0016773","phosphotransferase activity, alcohol group as acceptor",6,0,0.69,"1.000",1,1,"Strengthened","Trebouxia","MF"
"GO:0016788","hydrolase activity, acting on ester bonds",6,0,0.69,"1.000",1,1,"Strengthened","Trebouxia","MF"
"GO:0016879","ligase activity, forming carbon-nitrogen bonds",6,1,0.18,"0.17",0.17,1,"Relaxed","Asterochloris","MF"
"GO:0008135","translation factor activity, RNA binding",9,1,0.27,"0.25",0.25,1,"Relaxed","Asterochloris","MF"
"GO:0016491","oxidoreductase activity",16,1,0.49,"0.41",0.41,1,"Relaxed","Asterochloris","MF"
"GO:0003735","structural constituent of ribosome",21,1,0.64,"0.50",0.5,1,"Relaxed","Asterochloris","MF"
"GO:0003824","catalytic activity",85,3,2.59,"0.81",0.81,1,"Relaxed","Asterochloris","MF"
"GO:0003674","molecular_function",160,5,4.88,"1.00",1,1,"Relaxed","Asterochloris","MF"
"GO:0016874","ligase activity",11,1,0.34,"1.00",1,1,"Relaxed","Asterochloris","MF"
"GO:0005198","structural molecule activity",21,1,0.64,"1.00",1,1,"Relaxed","Asterochloris","MF"
"GO:0180051","translation factor activity",9,1,0.27,"1.00",1,1,"Relaxed","Asterochloris","MF"
"GO:0000166","nucleotide binding",25,0,0.76,"1.00",1,1,"Relaxed","Asterochloris","MF"
"GO:0003676","nucleic acid binding",18,0,0.55,"1.00",1,1,"Relaxed","Asterochloris","MF"
"GO:0003677","DNA binding",7,0,0.21,"1.00",1,1,"Relaxed","Asterochloris","MF"
"GO:0003723","RNA binding",10,0,0.3,"1.00",1,1,"Relaxed","Asterochloris","MF"
"GO:0003743","translation initiation factor activity",6,0,0.18,"1.00",1,1,"Relaxed","Asterochloris","MF"
"GO:0005215","transporter activity",8,0,0.24,"1.00",1,1,"Relaxed","Asterochloris","MF"
"GO:0005488","binding",62,0,1.89,"1.00",1,1,"Relaxed","Asterochloris","MF"
"GO:0005515","protein binding",16,0,0.49,"1.00",1,1,"Relaxed","Asterochloris","MF"
"GO:0005524","ATP binding",22,0,0.67,"1.00",1,1,"Relaxed","Asterochloris","MF"
"GO:0008168","methyltransferase activity",7,0,0.21,"1.00",1,1,"Relaxed","Asterochloris","MF"
"GO:0008233","peptidase activity",6,0,0.18,"1.00",1,1,"Relaxed","Asterochloris","MF"
"GO:0008324","monoatomic cation transmembrane transporter activity",5,0,0.15,"1.00",1,1,"Relaxed","Asterochloris","MF"
"GO:0015075","monoatomic ion transmembrane transporter activity",5,0,0.15,"1.00",1,1,"Relaxed","Asterochloris","MF"
"GO:0015318","inorganic molecular entity transmembrane transporter activity",6,0,0.18,"1.00",1,1,"Relaxed","Asterochloris","MF"
"GO:0016740","transferase activity",30,0,0.91,"1.00",1,1,"Relaxed","Asterochloris","MF"
"GO:0016741","transferase activity, transferring one-carbon groups",7,0,0.21,"1.00",1,1,"Relaxed","Asterochloris","MF"
"GO:0016757","glycosyltransferase activity",5,0,0.15,"1.00",1,1,"Relaxed","Asterochloris","MF"
"GO:0016772","transferase activity, transferring phosphorus-containing groups",10,0,0.3,"1.00",1,1,"Relaxed","Asterochloris","MF"
"GO:0016773","phosphotransferase activity, alcohol group as acceptor",5,0,0.15,"1.00",1,1,"Relaxed","Asterochloris","MF"
"GO:0016787","hydrolase activity",15,0,0.46,"1.00",1,1,"Relaxed","Asterochloris","MF"
"GO:0016788","hydrolase activity, acting on ester bonds",5,0,0.15,"1.00",1,1,"Relaxed","Asterochloris","MF"
"GO:0016829","lyase activity",6,0,0.18,"1.00",1,1,"Relaxed","Asterochloris","MF"
"GO:0016853","isomerase activity",5,0,0.15,"1.00",1,1,"Relaxed","Asterochloris","MF"
"GO:0017076","purine nucleotide binding",25,0,0.76,"1.00",1,1,"Relaxed","Asterochloris","MF"
"GO:0022804","active transmembrane transporter activity",5,0,0.15,"1.00",1,1,"Relaxed","Asterochloris","MF"
"GO:0022857","transmembrane transporter activity",8,0,0.24,"1.00",1,1,"Relaxed","Asterochloris","MF"
"GO:0022890","inorganic cation transmembrane transporter activity",5,0,0.15,"1.00",1,1,"Relaxed","Asterochloris","MF"
"GO:0030554","adenyl nucleotide binding",23,0,0.7,"1.00",1,1,"Relaxed","Asterochloris","MF"
"GO:0032553","ribonucleotide binding",24,0,0.73,"1.00",1,1,"Relaxed","Asterochloris","MF"
"GO:0032555","purine ribonucleotide binding",24,0,0.73,"1.00",1,1,"Relaxed","Asterochloris","MF"
"GO:0032559","adenyl ribonucleotide binding",22,0,0.67,"1.00",1,1,"Relaxed","Asterochloris","MF"
"GO:0035639","purine ribonucleoside triphosphate binding",24,0,0.73,"1.00",1,1,"Relaxed","Asterochloris","MF"
"GO:0036094","small molecule binding",33,0,1.01,"1.00",1,1,"Relaxed","Asterochloris","MF"
"GO:0043167","ion binding",30,0,0.91,"1.00",1,1,"Relaxed","Asterochloris","MF"
"GO:0043168","anion binding",25,0,0.76,"1.00",1,1,"Relaxed","Asterochloris","MF"
"GO:0043169","cation binding",6,0,0.18,"1.00",1,1,"Relaxed","Asterochloris","MF"
"GO:0046872","metal ion binding",6,0,0.18,"1.00",1,1,"Relaxed","Asterochloris","MF"
"GO:0051082","unfolded protein binding",7,0,0.21,"1.00",1,1,"Relaxed","Asterochloris","MF"
"GO:0097367","carbohydrate derivative binding",26,0,0.79,"1.00",1,1,"Relaxed","Asterochloris","MF"
"GO:0140096","catalytic activity, acting on a protein",14,0,0.43,"1.00",1,1,"Relaxed","Asterochloris","MF"
"GO:0140098","catalytic activity, acting on RNA",10,0,0.3,"1.00",1,1,"Relaxed","Asterochloris","MF"
"GO:0140513","nuclear protein-containing complex",6,1,0.06,"0.061",0.061,1,"Relaxed","Coccomyxa","CC"
"GO:0005622","intracellular anatomical structure",88,1,0.9,"1.000",1,1,"Relaxed","Coccomyxa","CC"
"GO:0110165","cellular anatomical structure",97,1,0.99,"1.000",1,1,"Relaxed","Coccomyxa","CC"
"GO:0043231","intracellular membrane-bounded organelle",40,1,0.41,"1.000",1,1,"Relaxed","Coccomyxa","CC"
"GO:0032991","protein-containing complex",35,1,0.36,"1.000",1,1,"Relaxed","Coccomyxa","CC"
"GO:0005575","cellular_component",98,1,1,"1.000",1,1,"Relaxed","Coccomyxa","CC"
"GO:0005634","nucleus",26,1,0.27,"1.000",1,1,"Relaxed","Coccomyxa","CC"
"GO:0043226","organelle",71,1,0.72,"1.000",1,1,"Relaxed","Coccomyxa","CC"
"GO:0043227","membrane-bounded organelle",40,1,0.41,"1.000",1,1,"Relaxed","Coccomyxa","CC"
"GO:0043229","intracellular organelle",71,1,0.72,"1.000",1,1,"Relaxed","Coccomyxa","CC"
"GO:0005694","chromosome",10,0,0.1,"1.000",1,1,"Relaxed","Coccomyxa","CC"
"GO:0005737","cytoplasm",24,0,0.24,"1.000",1,1,"Relaxed","Coccomyxa","CC"
"GO:0005783","endoplasmic reticulum",5,0,0.05,"1.000",1,1,"Relaxed","Coccomyxa","CC"
"GO:0005840","ribosome",24,0,0.24,"1.000",1,1,"Relaxed","Coccomyxa","CC"
"GO:0012505","endomembrane system",7,0,0.07,"1.000",1,1,"Relaxed","Coccomyxa","CC"
"GO:0016020","membrane",14,0,0.14,"1.000",1,1,"Relaxed","Coccomyxa","CC"
"GO:0031974","membrane-enclosed lumen",5,0,0.05,"1.000",1,1,"Relaxed","Coccomyxa","CC"
"GO:0043228","membraneless organelle",37,0,0.38,"1.000",1,1,"Relaxed","Coccomyxa","CC"
"GO:0043232","intracellular membraneless organelle",37,0,0.38,"1.000",1,1,"Relaxed","Coccomyxa","CC"
"GO:0043233","organelle lumen",5,0,0.05,"1.000",1,1,"Relaxed","Coccomyxa","CC"
"GO:0070013","intracellular organelle lumen",5,0,0.05,"1.000",1,1,"Relaxed","Coccomyxa","CC"
"GO:0140535","intracellular protein-containing complex",7,0,0.07,"1.000",1,1,"Relaxed","Coccomyxa","CC"
"GO:1902494","catalytic complex",11,0,0.11,"1.000",1,1,"Relaxed","Coccomyxa","CC"
"GO:1990234","transferase complex",5,0,0.05,"1.000",1,1,"Relaxed","Coccomyxa","CC"
"GO:1990904","ribonucleoprotein complex",5,0,0.05,"1.000",1,1,"Relaxed","Coccomyxa","CC"
"GO:0005783","endoplasmic reticulum",5,1,0.1,"0.10",0.1,1,"Relaxed","Symbiochloris","CC"
"GO:0005737","cytoplasm",25,2,0.52,"0.22",0.22,1,"Relaxed","Symbiochloris","CC"
"GO:0005622","intracellular anatomical structure",87,2,1.79,"1.00",1,1,"Relaxed","Symbiochloris","CC"
"GO:0110165","cellular anatomical structure",96,2,1.98,"1.00",1,1,"Relaxed","Symbiochloris","CC"
"GO:0043231","intracellular membrane-bounded organelle",40,1,0.82,"1.00",1,1,"Relaxed","Symbiochloris","CC"
"GO:0005575","cellular_component",97,2,2,"1.00",1,1,"Relaxed","Symbiochloris","CC"
"GO:0012505","endomembrane system",8,1,0.16,"1.00",1,1,"Relaxed","Symbiochloris","CC"
"GO:0043226","organelle",69,1,1.42,"1.00",1,1,"Relaxed","Symbiochloris","CC"
"GO:0043227","membrane-bounded organelle",40,1,0.82,"1.00",1,1,"Relaxed","Symbiochloris","CC"
"GO:0043229","intracellular organelle",69,1,1.42,"1.00",1,1,"Relaxed","Symbiochloris","CC"
"GO:0005634","nucleus",26,0,0.54,"1.00",1,1,"Relaxed","Symbiochloris","CC"
"GO:0005694","chromosome",10,0,0.21,"1.00",1,1,"Relaxed","Symbiochloris","CC"
"GO:0005840","ribosome",21,0,0.43,"1.00",1,1,"Relaxed","Symbiochloris","CC"
"GO:0016020","membrane",14,0,0.29,"1.00",1,1,"Relaxed","Symbiochloris","CC"
"GO:0032991","protein-containing complex",33,0,0.68,"1.00",1,1,"Relaxed","Symbiochloris","CC"
"GO:0043228","membraneless organelle",34,0,0.7,"1.00",1,1,"Relaxed","Symbiochloris","CC"
"GO:0043232","intracellular membraneless organelle",34,0,0.7,"1.00",1,1,"Relaxed","Symbiochloris","CC"
"GO:0140513","nuclear protein-containing complex",7,0,0.14,"1.00",1,1,"Relaxed","Symbiochloris","CC"
"GO:0140535","intracellular protein-containing complex",7,0,0.14,"1.00",1,1,"Relaxed","Symbiochloris","CC"
"GO:1902494","catalytic complex",10,0,0.21,"1.00",1,1,"Relaxed","Symbiochloris","CC"
"GO:1990234","transferase complex",5,0,0.1,"1.00",1,1,"Relaxed","Symbiochloris","CC"
"GO:0005737","cytoplasm",25,2,0.77,"0.16",0.16,1,"Strengthened","Symbiochloris","CC"
"GO:0140513","nuclear protein-containing complex",7,1,0.22,"0.20",0.2,1,"Strengthened","Symbiochloris","CC"
"GO:0005694","chromosome",10,1,0.31,"0.28",0.28,1,"Strengthened","Symbiochloris","CC"
"GO:0043231","intracellular membrane-bounded organelle",40,2,1.24,"0.36",0.36,1,"Strengthened","Symbiochloris","CC"
"GO:0032991","protein-containing complex",33,2,1.02,"0.50",0.5,1,"Strengthened","Symbiochloris","CC"
"GO:0005622","intracellular anatomical structure",87,3,2.69,"1.00",1,1,"Strengthened","Symbiochloris","CC"
"GO:0110165","cellular anatomical structure",96,3,2.97,"1.00",1,1,"Strengthened","Symbiochloris","CC"
"GO:0043232","intracellular membraneless organelle",34,1,1.05,"1.00",1,1,"Strengthened","Symbiochloris","CC"
"GO:0005575","cellular_component",97,3,3,"1.00",1,1,"Strengthened","Symbiochloris","CC"
"GO:0005634","nucleus",26,1,0.8,"1.00",1,1,"Strengthened","Symbiochloris","CC"
"GO:0043226","organelle",69,2,2.13,"1.00",1,1,"Strengthened","Symbiochloris","CC"
"GO:0043227","membrane-bounded organelle",40,2,1.24,"1.00",1,1,"Strengthened","Symbiochloris","CC"
"GO:0043228","membraneless organelle",34,1,1.05,"1.00",1,1,"Strengthened","Symbiochloris","CC"
"GO:0043229","intracellular organelle",69,2,2.13,"1.00",1,1,"Strengthened","Symbiochloris","CC"
"GO:0005783","endoplasmic reticulum",5,0,0.15,"1.00",1,1,"Strengthened","Symbiochloris","CC"
"GO:0005840","ribosome",21,0,0.65,"1.00",1,1,"Strengthened","Symbiochloris","CC"
"GO:0012505","endomembrane system",8,0,0.25,"1.00",1,1,"Strengthened","Symbiochloris","CC"
"GO:0016020","membrane",14,0,0.43,"1.00",1,1,"Strengthened","Symbiochloris","CC"
"GO:0140535","intracellular protein-containing complex",7,0,0.22,"1.00",1,1,"Strengthened","Symbiochloris","CC"
"GO:1902494","catalytic complex",10,0,0.31,"1.00",1,1,"Strengthened","Symbiochloris","CC"
"GO:1990234","transferase complex",5,0,0.15,"1.00",1,1,"Strengthened","Symbiochloris","CC"
"GO:0005840","ribosome",22,1,0.23,"0.23",0.23,1,"Relaxed","Trebouxia","CC"
"GO:0005622","intracellular anatomical structure",85,1,0.89,"1.00",1,1,"Relaxed","Trebouxia","CC"
"GO:0110165","cellular anatomical structure",95,1,0.99,"1.00",1,1,"Relaxed","Trebouxia","CC"
"GO:0043232","intracellular membraneless organelle",34,1,0.35,"1.00",1,1,"Relaxed","Trebouxia","CC"
"GO:0005575","cellular_component",96,1,1,"1.00",1,1,"Relaxed","Trebouxia","CC"
"GO:0043226","organelle",66,1,0.69,"1.00",1,1,"Relaxed","Trebouxia","CC"
"GO:0043228","membraneless organelle",34,1,0.35,"1.00",1,1,"Relaxed","Trebouxia","CC"
"GO:0043229","intracellular organelle",66,1,0.69,"1.00",1,1,"Relaxed","Trebouxia","CC"
"GO:0005634","nucleus",24,0,0.25,"1.00",1,1,"Relaxed","Trebouxia","CC"
"GO:0005694","chromosome",9,0,0.09,"1.00",1,1,"Relaxed","Trebouxia","CC"
"GO:0005737","cytoplasm",25,0,0.26,"1.00",1,1,"Relaxed","Trebouxia","CC"
"GO:0005783","endoplasmic reticulum",5,0,0.05,"1.00",1,1,"Relaxed","Trebouxia","CC"
"GO:0005852","eukaryotic translation initiation factor 3 complex",5,0,0.05,"1.00",1,1,"Relaxed","Trebouxia","CC"
"GO:0012505","endomembrane system",8,0,0.08,"1.00",1,1,"Relaxed","Trebouxia","CC"
"GO:0016020","membrane",15,0,0.16,"1.00",1,1,"Relaxed","Trebouxia","CC"
"GO:0031974","membrane-enclosed lumen",5,0,0.05,"1.00",1,1,"Relaxed","Trebouxia","CC"
"GO:0032991","protein-containing complex",36,0,0.38,"1.00",1,1,"Relaxed","Trebouxia","CC"
"GO:0043227","membrane-bounded organelle",37,0,0.39,"1.00",1,1,"Relaxed","Trebouxia","CC"
"GO:0043231","intracellular membrane-bounded organelle",37,0,0.39,"1.00",1,1,"Relaxed","Trebouxia","CC"
"GO:0043233","organelle lumen",5,0,0.05,"1.00",1,1,"Relaxed","Trebouxia","CC"
"GO:0070013","intracellular organelle lumen",5,0,0.05,"1.00",1,1,"Relaxed","Trebouxia","CC"
"GO:0140513","nuclear protein-containing complex",7,0,0.07,"1.00",1,1,"Relaxed","Trebouxia","CC"
"GO:0140535","intracellular protein-containing complex",7,0,0.07,"1.00",1,1,"Relaxed","Trebouxia","CC"
"GO:1902494","catalytic complex",11,0,0.11,"1.00",1,1,"Relaxed","Trebouxia","CC"
"GO:1990234","transferase complex",5,0,0.05,"1.00",1,1,"Relaxed","Trebouxia","CC"
"GO:1990904","ribonucleoprotein complex",5,0,0.05,"1.00",1,1,"Relaxed","Trebouxia","CC"
"GO:0005852","eukaryotic translation initiation factor 3 complex",5,2,0.42,"0.054",0.054,1,"Strengthened","Trebouxia","CC"
"GO:0070013","intracellular organelle lumen",5,1,0.42,"0.359",0.359,1,"Strengthened","Trebouxia","CC"
"GO:0005783","endoplasmic reticulum",5,1,0.42,"0.359",0.359,1,"Strengthened","Trebouxia","CC"
"GO:1990234","transferase complex",5,1,0.42,"0.359",0.359,1,"Strengthened","Trebouxia","CC"
"GO:0005622","intracellular anatomical structure",85,8,7.08,"0.389",0.389,1,"Strengthened","Trebouxia","CC"
"GO:0140513","nuclear protein-containing complex",7,1,0.58,"0.467",0.467,1,"Strengthened","Trebouxia","CC"
"GO:0140535","intracellular protein-containing complex",7,1,0.58,"0.467",0.467,1,"Strengthened","Trebouxia","CC"
"GO:0005737","cytoplasm",25,4,2.08,"0.626",0.626,1,"Strengthened","Trebouxia","CC"
"GO:0005634","nucleus",24,2,2,"0.786",0.786,1,"Strengthened","Trebouxia","CC"
"GO:0005840","ribosome",22,1,1.83,"0.886",0.886,1,"Strengthened","Trebouxia","CC"
"GO:0110165","cellular anatomical structure",95,8,7.92,"1.000",1,1,"Strengthened","Trebouxia","CC"
"GO:1902494","catalytic complex",11,1,0.92,"1.000",1,1,"Strengthened","Trebouxia","CC"
"GO:0043231","intracellular membrane-bounded organelle",37,3,3.08,"1.000",1,1,"Strengthened","Trebouxia","CC"
"GO:0043232","intracellular membraneless organelle",34,1,2.83,"1.000",1,1,"Strengthened","Trebouxia","CC"
"GO:0043233","organelle lumen",5,1,0.42,"1.000",1,1,"Strengthened","Trebouxia","CC"
"GO:0032991","protein-containing complex",36,3,3,"1.000",1,1,"Strengthened","Trebouxia","CC"
"GO:0031974","membrane-enclosed lumen",5,1,0.42,"1.000",1,1,"Strengthened","Trebouxia","CC"
"GO:0005575","cellular_component",96,8,8,"1.000",1,1,"Strengthened","Trebouxia","CC"
"GO:0012505","endomembrane system",8,1,0.67,"1.000",1,1,"Strengthened","Trebouxia","CC"
"GO:0043226","organelle",66,4,5.5,"1.000",1,1,"Strengthened","Trebouxia","CC"
"GO:0043227","membrane-bounded organelle",37,3,3.08,"1.000",1,1,"Strengthened","Trebouxia","CC"
"GO:0043228","membraneless organelle",34,1,2.83,"1.000",1,1,"Strengthened","Trebouxia","CC"
"GO:0043229","intracellular organelle",66,4,5.5,"1.000",1,1,"Strengthened","Trebouxia","CC"
"GO:0005694","chromosome",9,0,0.75,"1.000",1,1,"Strengthened","Trebouxia","CC"
"GO:0016020","membrane",15,0,1.25,"1.000",1,1,"Strengthened","Trebouxia","CC"
"GO:1990904","ribonucleoprotein complex",5,0,0.42,"1.000",1,1,"Strengthened","Trebouxia","CC"
"GO:0005840","ribosome",21,1,0.42,"0.38",0.38,1,"Relaxed","Asterochloris","CC"
"GO:0005622","intracellular anatomical structure",87,2,1.76,"0.60",0.6,1,"Relaxed","Asterochloris","CC"
"GO:0110165","cellular anatomical structure",98,2,1.98,"1.00",1,1,"Relaxed","Asterochloris","CC"
"GO:0043232","intracellular membraneless organelle",35,1,0.71,"1.00",1,1,"Relaxed","Asterochloris","CC"
"GO:0005575","cellular_component",99,2,2,"1.00",1,1,"Relaxed","Asterochloris","CC"
"GO:0043226","organelle",69,1,1.39,"1.00",1,1,"Relaxed","Asterochloris","CC"
"GO:0043228","membraneless organelle",35,1,0.71,"1.00",1,1,"Relaxed","Asterochloris","CC"
"GO:0043229","intracellular organelle",69,1,1.39,"1.00",1,1,"Relaxed","Asterochloris","CC"
"GO:0005634","nucleus",27,0,0.55,"1.00",1,1,"Relaxed","Asterochloris","CC"
"GO:0005694","chromosome",11,0,0.22,"1.00",1,1,"Relaxed","Asterochloris","CC"
"GO:0005737","cytoplasm",24,0,0.48,"1.00",1,1,"Relaxed","Asterochloris","CC"
"GO:0005783","endoplasmic reticulum",5,0,0.1,"1.00",1,1,"Relaxed","Asterochloris","CC"
"GO:0012505","endomembrane system",7,0,0.14,"1.00",1,1,"Relaxed","Asterochloris","CC"
"GO:0016020","membrane",16,0,0.32,"1.00",1,1,"Relaxed","Asterochloris","CC"
"GO:0031974","membrane-enclosed lumen",5,0,0.1,"1.00",1,1,"Relaxed","Asterochloris","CC"
"GO:0032991","protein-containing complex",37,0,0.75,"1.00",1,1,"Relaxed","Asterochloris","CC"
"GO:0043227","membrane-bounded organelle",40,0,0.81,"1.00",1,1,"Relaxed","Asterochloris","CC"
"GO:0043231","intracellular membrane-bounded organelle",40,0,0.81,"1.00",1,1,"Relaxed","Asterochloris","CC"
"GO:0043233","organelle lumen",5,0,0.1,"1.00",1,1,"Relaxed","Asterochloris","CC"
"GO:0070013","intracellular organelle lumen",5,0,0.1,"1.00",1,1,"Relaxed","Asterochloris","CC"
"GO:0140513","nuclear protein-containing complex",7,0,0.14,"1.00",1,1,"Relaxed","Asterochloris","CC"
"GO:0140535","intracellular protein-containing complex",8,0,0.16,"1.00",1,1,"Relaxed","Asterochloris","CC"
"GO:1902494","catalytic complex",12,0,0.24,"1.00",1,1,"Relaxed","Asterochloris","CC"
"GO:1990234","transferase complex",6,0,0.12,"1.00",1,1,"Relaxed","Asterochloris","CC"
"GO:1990904","ribonucleoprotein complex",5,0,0.1,"1.00",1,1,"Relaxed","Asterochloris","CC"
